{
  "build": {
    "core": "stm32",
    "cpu": "cortex-m3",
    "extra_flags": "-DSTM32F207xx",
    "f_cpu": "120000000L",
    "mcu": "stm32f207vct6",
    "variant": "stm32f2"
  },
  "connectivity": [
    "can",
    "ethernet"
  ],
  "debug": {
    "default_tools": [
      "cmsis-dap"
    ],
    "jlink_device": "STM32F207VC",
    "onboard_tools": [
      "cmsis-dap"
    ],
    "openocd_target": "stm32f2x",
    "svd_path": "STM32F20x.svd"
  },
  "frameworks": [
    "arduino",
    "mbed",
    "stm32cube"
  ],
  "name": "STM32F207VC (48k RAM. 256k Flash)",
  "upload": {
    "maximum_ram_size": 49152,
    "maximum_size": 262144,
    "protocol": "cmsis-dap",
    "protocols": [
      "jlink",
      "stlink",
      "blackmagic",
      "mbed",
	  "cmsis-dap"
    ]
  },
  "url": "http://www.st.com/content/st_com/en/products/microcontrollers/stm32-32-bit-arm-cortex-mcus/stm32f2-series/stm32f207/stm32f207vc.html",
  "vendor": "ST"
}
