{
  "build": {
    "core": "stm32",
    "cpu": "cortex-m3",
    "extra_flags": "-DSTM32F103xE",
    "f_cpu": "72000000L",
    "hwids": [
      [
        "0x1EAF",
        "0x0003"
      ],
      [
        "0x1EAF",
        "0x0004"
      ]
    ],
    "mcu": "stm32f103vct6",
    "variant": "stm32f1"
  },
  "debug": {
    "jlink_device": "STM32F103VC",
    "openocd_target": "stm32f1x",
    "svd_path": "STM32F103xx.svd"
  },
  "frameworks": [
    "arduino",
    "libopencm3",
    "stm32cube"
  ],
  "name": "STM32F103VC (48k RAM. 256k Flash)",
  "upload": {
    "disable_flushing": false,
    "maximum_ram_size": 49152,
    "maximum_size": 262144,
    "protocol": "cmsis-dap",
    "protocols": [
	  "cmsis-dap",
      "jlink",
      "stlink",
      "blackmagic",
      "serial",
      "dfu"
    ],
    "require_upload_port": true,
    "use_1200bps_touch": false,
    "wait_for_upload_port": false
  },
  "url": "http://www.st.com/content/st_com/en/products/microcontrollers/stm32-32-bit-arm-cortex-mcus/stm32f1-series/stm32f103/stm32f103ve.html",
  "vendor": "Generic"
}
